{
    "canvas_tf": [
        [0.70710678, -0.70710678, 0.3],
        [0.70710678, 0.70710678, -0.03],
        [0, 0, 1]
    ]
    ,
    "axis_speed": [0.1,  0.1]
}
